지 역,1987년,1988년,1989년,1990년,1991년,1992년,1993년,1994년,1995년,1996년,1997년,1998년,1999년,2000년,2001년,2002년,2003년,2004년,2005년,2006년,2007년,2008년,2009년,2010년,2011년,2012년,2013년,2014년,2015년,2016년,2017년
전국,34.346,43.776,57.768,69.656,78.553,77.565,71.837,71.428,71.821,72.513,72.738,62.844,64.693,65.126,65.996,71.919,74.386,77.252,81.098,85.651,88.98,88.696,89.543,90.481,91.536,92.411,93.458,95.295,97.584,100.218,104.105
수도권,-,-,-,-,-,-,-,-,-,-,-,-,-,-,-,-,-,-,-,-,-,-,-,-,92.241,92.871,93.839,95.629,97.726,100.201,104.031
지방,-,-,-,-,-,-,-,-,-,-,-,-,-,-,-,-,-,-,-,-,-,-,-,-,90.266,91.597,92.79,94.705,97.333,100.246,104.226
대도시,-,-,-,-,-,-,-,-,-,-,-,-,-,-,-,-,-,-,-,-,-,-,-,89.723,90.648,91.309,92.444,94.686,97.307,100.247,104.631
시지역,-,-,-,-,-,-,-,-,-,-,-,-,-,-,-,-,-,-,-,-,-,-,-,91.05,92.277,93.375,94.348,95.805,97.803,100.19,103.645
군지역,-,-,-,-,-,-,-,-,-,-,-,-,-,-,-,-,-,-,-,-,-,-,-,92.046,92.954,93.985,94.878,96.239,98.097,100.195,103.429
서울(평균),29.428,37.686,50.305,66.01,73.374,71.331,65.115,64.232,64.348,64.955,65.143,54.555,56.01,56.038,57.105,66.127,69.582,72.422,77.176,84.253,89.209,88.317,89.549,90.022,90.892,91.236,92.337,94.795,97.344,100.239,104.564
종로구,36.878,42.342,53.925,69.787,74.018,72.083,67.866,67.548,67.656,68.389,68.909,57.085,58.798,58.492,59.533,69.441,72.459,75.463,79.628,86.698,91.758,90.615,91.3,91.755,92.529,92.794,93.91,96.174,98.005,100.16,103.449
중구,38.454,46.746,59.045,72.494,73.997,72.336,67.451,67.457,68.087,69.086,69.779,57.465,59.177,58.877,60.181,69.364,72.576,75.532,79.802,86.77,91.806,91.15,91.684,92.101,92.985,93.297,93.861,96.267,98.005,100.188,103.438
용산구,29.848,34.97,44.538,57.011,60.917,59.082,54.75,54.706,56.421,57.267,57.646,48.508,49.761,49.976,50.922,58.885,61.86,66.559,73.373,81.974,91.595,92.35,94.298,95.068,95.919,96.404,94.366,95.773,97.211,100.256,105.494
성동구,24.468,31.285,41.533,56.877,64.855,64.192,57.987,57.213,58.434,59.174,59.233,49.913,50.821,50.669,51.458,60.474,63.12,66.24,72.211,80.126,88.543,89.703,91.442,92.082,93.015,93.301,93.559,95.289,97.402,100.243,105.477
광진구,-,-,-,-,-,-,-,66.691,67.28,67.866,67.935,56.453,57.567,57.674,58.567,67.502,71.103,73.655,77.69,84.79,90.124,89.604,90.802,91.528,92.404,92.6,93.022,94.716,97.132,100.223,104.576
동대문구,33.52,43.066,55.394,68.763,76.199,73.398,67.643,66.908,66.988,67.627,68.101,57.644,58.904,58.492,59.486,67.601,71.05,73.747,79.171,86.084,91.454,91.234,92.146,92.521,93.41,93.751,94.258,95.541,97.694,100.209,104.212
중랑구,31.921,42.055,56.83,69.282,76.426,76.165,70.52,70.394,71.185,71.492,71.857,60.207,61.362,61.055,61.907,70.155,72.791,75.589,79.817,86.512,90.739,90.376,91.308,91.973,92.725,92.954,93.379,95.123,97.53,100.204,103.942
성북구,31.297,39.777,49.582,63.648,70.266,70.372,67.147,67.12,67.801,68.57,69.286,58.123,59.831,59.815,60.747,69.917,72.588,74.807,79.749,87.427,92.79,91.9,92.901,93.529,94.292,94.194,94.364,95.71,97.807,100.152,103.281
강북구,-,-,-,-,-,-,-,72.305,72.711,72.922,73.053,60.683,62.596,62.567,63.644,70.579,72.845,75.503,79.991,86.932,91.503,91.021,92.026,92.695,93.399,93.705,94.152,95.928,97.833,100.177,103.881
도봉구,29.249,39.747,52.999,74.703,82.368,81.957,74.968,74.309,75.19,76.058,76.316,64.562,66.394,66.181,67.36,74.085,77.027,79.608,82.954,88.313,91.887,91.598,92.677,92.939,93.591,93.837,94.039,95.599,97.693,100.242,103.666
노원구,23.732,32.169,47.23,67.317,77.302,76.165,72.174,71.642,71.856,72.658,72.932,61.141,62.889,62.83,64.215,71.266,74.282,76.85,80.32,86.954,91.054,90.857,92.008,92.454,93.116,93.414,93.748,95.086,97.433,100.244,104.605
은평구,35.328,44.597,58.474,70.172,76.654,73.124,67.096,66.088,65.981,66.338,66.557,56.208,58.039,58.244,59.35,68.232,70.591,74.081,79.795,87.148,91.499,91.19,91.714,92.198,92.949,92.862,93.584,95.938,97.936,100.155,103.475
서대문구,34.246,41.207,53.51,66.746,73.995,73.004,68.235,67.393,67.022,67.613,67.917,56.878,58.387,58.21,59.347,67.477,70.059,73.142,78.566,85.671,90.434,90.252,91.122,91.668,92.433,92.639,93.137,95.164,97.606,100.189,103.643
마포구,30.364,38.714,49.436,62.875,68.559,68.855,63.576,63.15,64.102,64.571,64.842,55.069,56.407,56.297,58.26,64.943,67.864,70.773,75.875,83.188,87.95,87.746,88.655,89.225,89.999,90.214,91.08,93.665,96.767,100.325,105.664
양천구,29.984,39.468,53.473,66.015,75.965,73.777,67.477,67.289,67.842,68.755,68.858,57.999,59.144,59.102,60.202,68.36,71.873,74.197,78.074,85.835,91.057,89.879,90.942,91.501,92.326,92.487,93.27,95.425,97.734,100.177,103.977
강서구,24.29,32.5,45.147,56.679,64.134,65.623,60.52,61.171,62.998,64.031,64.679,55.373,56.838,56.823,57.542,65.943,69.812,72.266,76.661,83.976,88.744,88.503,89.577,90.223,91.097,91.333,92.372,94.428,97.131,100.282,105.773
구로구,30.909,38.722,49.874,65.19,74.442,74.07,69.99,69.948,70.847,71.109,71.53,59.853,60.683,60.328,61.225,68.558,72.151,75.769,79.935,86.549,91.517,90.761,91.768,92.196,93.013,93.23,93.837,95.584,97.841,100.227,103.958
금천구,-,-,-,-,-,-,-,74.197,75.355,75.769,76.08,65.043,66.61,66.448,67.048,70.575,73.433,76.437,81.074,86.854,90.589,90.236,91.414,91.865,92.606,92.818,93.685,95.427,97.842,100.201,104.122
영등포구,31.445,39.875,51.715,66.882,76.929,75.217,69.753,69.113,69.439,70.198,70.402,59.025,60.267,60.451,61.307,68.245,71.402,74.594,79.228,86.692,91.386,91,91.966,92.469,93.242,93.513,94.069,95.799,97.884,100.21,104.242
동작구,33.009,41.995,54.049,68.728,78.155,74.402,67.597,66.575,66.25,66.309,66.542,55.59,56.929,56.639,57.745,67.003,69.927,72.782,77.73,85.685,90.522,89.947,90.98,91.822,92.601,92.89,93.499,95.233,97.489,100.271,104.764
관악구,32.68,43.303,55.691,77.586,86.602,78.995,72.43,71.033,70.721,70.89,71.003,58.325,59.962,59.87,61.111,69.374,72.238,75.09,80.241,87.138,91.443,90.631,91.497,91.953,92.764,93.004,93.758,95.33,97.645,100.256,104.311
서초구,25.502,33.989,49.717,66.781,75.617,72.522,62.947,60.861,59.856,60.221,60.13,50.586,52.172,52.158,53.37,63.988,68.374,71.697,76.438,83.247,87.559,85.773,87.377,87.784,88.811,89.286,90.907,94.345,97.211,100.226,104.632
강남구,23.37,32.331,47.589,65.049,71.958,68.757,60.407,58.158,56.812,57.474,57.255,47.708,49.087,49.89,51.062,62.606,66.874,69.461,74.14,80.972,85.38,83.686,85.261,85.419,86.388,87.027,89.308,93.073,96.613,100.305,105.26
송파구,24.241,33.68,47.401,64.005,73.217,68.834,60.647,59.029,58.917,59.425,59.291,49.369,50.674,50.733,51.512,62.844,67.23,69.614,74.915,81.82,86.461,84.827,86.385,86.888,87.897,88.296,90.951,94.266,97.136,100.24,104.852
강동구,26.86,36.865,52.158,66.597,75.42,72.442,67.477,66.541,66.761,67.377,67.56,56.784,58.906,58.543,59.406,67.605,71.916,74.231,78.424,85.478,89.818,88.113,89.592,90.095,90.84,91.147,92.595,94.627,97.256,100.297,104.425
부산(평균),-,-,-,-,-,-,-,-,91.099,91.465,90.649,75.674,76.617,76.209,76.582,79.094,79.96,80.681,82.183,84.234,86.057,85.908,85.999,87.044,88.419,89.95,91.36,93.442,96.333,100.354,106.884
중구,-,-,-,-,-,-,-,-,112.076,112.132,110.179,86.283,86.845,86.338,86.395,88.765,89.423,89.62,89.845,89.924,89.804,87.946,87.962,88.888,89.911,90.817,92.249,94.03,96.817,100.254,104.77
서구,-,-,-,-,-,-,-,-,100.528,100.749,99.643,83.864,84.434,84.957,84.898,86.682,87.334,87.579,88.139,88.759,88.875,88.239,88.255,89.104,90.141,91.487,92.504,94.517,97.031,100.288,106.045
동구,-,-,-,-,-,-,-,-,107.883,108.12,107.17,88.894,89.419,87.881,88.049,90.064,90.777,91.259,91.395,91.762,91.834,90.322,89.685,90.074,91.099,91.688,93.004,95.034,97.385,100.251,105.629
영도구,-,-,-,-,-,-,-,-,102.479,103.166,102.114,86.357,86.625,85.968,86.123,87.03,87.58,87.729,88.04,89.092,90.559,89.219,89.476,90.415,91.524,92.826,93.986,95.697,97.89,100.255,105.152
부산진구,-,-,-,-,-,-,-,-,95.724,96.252,94.844,78.298,79.329,78.684,79.267,81.056,81.608,82.098,83.462,85.75,86.532,85.292,85.257,86.06,87.418,88.628,90.249,92.617,95.956,100.255,106.176
동래구,-,-,-,-,-,-,-,-,94.713,94.893,94.141,78.751,79.359,78.639,79.033,80.481,80.972,81.265,81.766,83.639,85.779,85.136,85.094,86.015,87.285,89.006,90.451,92.699,95.99,100.441,107.404
남구,-,-,-,-,-,-,-,-,96.668,97.21,97.044,80.765,81.299,80.477,80.88,82.313,82.874,83.197,83.893,84.969,85.782,84.902,84.76,85.49,86.472,88.115,89.853,92.495,95.699,100.36,107.235
북구,-,-,-,-,-,-,-,-,100.327,100.92,99.971,82.725,83.713,82.804,83.119,85.331,86.601,86.991,87.518,88.59,89.641,88.721,88.594,89.482,90.733,91.974,93.147,94.87,97.098,100.306,105.101
해운대구,-,-,-,-,-,-,-,-,91.212,91.394,90.478,74.36,74.86,74.202,74.581,77.47,78.154,78.499,80.219,81.803,82.664,82.642,82.79,83.688,84.947,86.752,88.035,90.108,93.551,100.488,109.586
사하구,-,-,-,-,-,-,-,-,97.575,97.751,96.85,81.149,81.775,80.534,80.638,83.209,83.952,84.246,85.207,87.063,89.553,89.429,89.433,90.433,91.877,93.179,93.979,95.583,97.649,100.273,104.693
금정구,-,-,-,-,-,-,-,-,91.143,91.326,90.212,75.565,76.453,77.49,77.552,79.09,80.163,80.83,82.63,85.178,86.993,86.536,86.561,87.511,88.972,90.528,92.132,94.076,96.628,100.385,107.134
강서구,-,-,-,-,-,-,-,-,60.324,60.523,60.614,54.526,56.588,57.579,57.752,62.443,64.316,67.676,72.74,76.409,80.386,83.336,84.16,85.826,87.705,89.867,91.54,93.501,96.842,100.324,107.159
연제구,-,-,-,-,-,-,-,94.275,94.284,94.511,93.536,77.875,78.838,78.561,79.578,82.098,82.741,83.055,84.061,85.677,87.838,86.992,86.907,87.847,89.035,90.385,91.553,93.328,96.029,100.476,107.411
수영구,-,-,-,-,-,-,-,91.594,91.749,92.172,90.875,75.741,76.318,75.168,76.127,80.788,81.492,81.876,83.178,84.906,86.638,85.646,85.562,86.433,87.705,89.182,90.667,92.946,96.084,100.459,108.251
사상구,-,-,-,-,-,-,-,92.701,93.089,93.845,93.208,77.055,78.186,77.428,77.514,80.016,80.674,80.988,81.808,85.532,89.168,88.79,88.406,89.714,91.263,92.464,93.349,95.244,97.323,100.301,105.59
기장군,-,-,-,-,-,-,-,48.806,49.576,50.715,51.949,48.105,52.062,54.283,55.476,62.556,65.592,68.974,73.139,77.468,81.111,82.995,83.828,85.618,87.297,89.307,91.256,93.866,96.668,100.377,107.407
대구(평균),-,-,-,-,-,-,-,-,84.406,85.329,84.723,71.81,73.191,72.419,72.723,74.254,75.397,76.58,79.12,82.43,84.83,84.445,84.685,85.872,87.072,88.451,89.935,92.766,96.532,100.327,104.922
중구,-,-,-,-,-,-,-,-,102.785,103.744,103.185,85.776,86.403,85.194,84.751,85.593,85.91,85.951,85.863,87.519,88.658,88.581,88.596,89.347,89.884,90.668,91.3,93.339,96.299,100.352,104.987
동구,-,-,-,-,-,-,-,-,76.744,78.064,78.307,66.955,68.658,67.642,67.723,68.957,69.926,71.214,74.691,79.532,82.307,81.839,81.987,83.518,85.766,88.003,89.928,92.838,96.778,100.371,104.934
서구,-,-,-,-,-,-,-,-,97.806,98.11,96.04,81.056,81.967,81.005,80.842,82.461,83.187,84.55,85.747,86.959,88.117,87.657,87.678,88.371,88.957,89.952,91.162,93.444,96.842,100.274,104.59
남구,-,-,-,-,-,-,-,-,97.766,98.472,98.54,83.109,84.076,82.932,83.006,83.23,83.288,83.521,84.34,86.234,88.112,87.726,88.019,88.725,89.197,89.784,90.46,92.464,96.278,100.324,104.173
북구,-,-,-,-,-,-,-,-,86.297,87.224,87.678,74.826,76.242,75.468,76.233,77.252,78.73,80.235,82.335,85.797,87.691,86.535,86.572,87.44,88.118,89.113,90.625,93.167,96.721,100.303,104.694
수성구,-,-,-,-,-,-,-,-,81.235,82.059,80.886,68.681,70.484,69.491,69.79,72.717,74.868,76.087,79.394,82.738,85.075,84.918,85.007,85.955,86.663,87.852,89.216,92.095,96.172,100.409,105.969
달서구,-,-,-,-,-,-,-,-,82.789,83.063,81.489,70.265,71.559,71.055,71.704,73.292,74.337,75.337,79.183,83.427,86.493,85.333,85.434,86.531,87.798,89.176,90.559,93.348,96.89,100.3,104.694
달성군,-,-,-,-,-,-,-,-,68.917,71.213,71.014,58.282,60.079,60.082,60.461,62.147,63.471,65.754,68.541,71.952,75.593,77.043,78.323,80.801,83.211,85.34,87.568,91.695,96.033,100.255,104.497
인천(평균),-,-,-,-,-,-,-,-,69.305,69.848,70.044,60.381,62.502,63.172,64.291,71.689,73.482,76.653,80.438,84.927,89.046,90.262,92.056,93.378,93.993,94.428,95.25,96.536,98.419,100.129,103.231
중구,-,-,-,-,-,-,-,-,57.142,58.056,58.767,52.156,54.917,57.995,59.517,68.275,69.927,73.757,79.256,85.857,91.865,93.21,94.112,94.59,94.919,94.03,93.82,96.206,98.357,100.174,102.599
동구,-,-,-,-,-,-,-,-,72.82,73.338,73.587,63.215,65.881,66.229,67.381,73.619,75.005,78.165,81.953,86.275,90.666,91.708,93.471,94.999,95.606,95.464,95.952,97.579,98.679,100.157,102.365
남구,-,-,-,-,-,-,-,75.426,75.404,75.645,75.661,64.687,66.251,66.197,67.082,73.411,74.815,77.397,80.21,84.22,88.326,93.047,94.766,95.685,95.738,95.771,96.483,97.175,98.59,100.125,102.992
연수구,-,-,-,-,-,-,-,67.311,67.689,68.777,69.148,59.375,61.51,61.835,63.018,70.312,72.48,75.996,79.493,83.727,88.024,89.051,90.829,91.911,92.328,93.584,94.835,96.37,98.419,100.187,103.369
남동구,-,-,-,-,-,-,-,-,73.89,74.327,74.528,64.04,66.262,66.534,67.771,74.649,76.417,79.04,82.073,86.606,90.427,89.928,91.342,92.61,93.199,93.727,94.756,96.541,98.351,100.184,103.479
부평구,-,-,-,-,-,-,-,77.935,78.068,78.373,78.059,66.356,68.098,68.308,69.449,77.976,79.625,82.57,86.497,88.804,92.296,91.928,93.68,95.07,95.589,95.94,96.295,96.828,98.682,100.079,103.944
계양구,-,-,-,-,-,-,-,71.536,72.016,72.363,72.753,62.556,64.509,64.781,65.842,74.312,76.149,79.34,83.146,86.034,89.332,88.993,91.2,92.717,94.049,94.281,95.393,96.735,98.713,100.07,102.985
서구,-,-,-,-,-,-,-,-,60.793,61.068,61.245,52.634,54.66,54.885,55.862,63.158,65.189,68.534,72.868,79.712,84.478,87.029,89.542,91.201,92.209,93.375,94.846,95.814,98.045,100.076,103.42
강화군,-,-,-,-,-,-,-,-,71.332,74.536,75.269,69.853,73.173,75.694,76.354,80.466,83.315,87.552,90.818,91.864,93.3,93.937,95.516,97.962,98.604,98.77,98.609,98.5,99.043,100.129,102.934
옹진군,-,-,-,-,-,-,-,-,79.062,79.712,79.847,69.098,73.424,74.821,76.502,79.171,80.869,82.564,84.882,87.597,90.398,90.078,92.97,96.167,97.239,96.975,96.817,98.054,98.957,99.897,101.847
광주(평균),-,-,-,-,-,-,-,-,92.431,93.508,94.146,84.498,85.602,85.344,85.028,85.916,86.7,87.3,88.928,90.209,91.058,90.244,90.544,91.147,91.831,92.888,93.582,94.81,97.53,100.284,104.47
동구,-,-,-,-,-,-,-,-,114.911,115.486,115.694,99.576,100.145,98.493,96.593,96.303,96.332,95.707,92.142,92.457,93.1,92.081,92.312,92.693,93.031,93.528,94.116,95.584,97.709,100.25,103.847
서구,-,-,-,-,-,-,-,-,89.272,91.908,92.202,82.632,83.887,83.977,84.019,85.031,85.859,86.574,87.667,88.74,89.805,89.24,89.716,90.513,91.088,92.148,92.731,94.212,97.137,100.044,103.933
남구,-,-,-,-,-,-,-,-,93.877,94.584,95.485,86.075,87.016,86.658,86.545,86.979,87.353,87.791,90.37,91.094,91.447,90.574,91.059,91.709,92.442,93.327,94.108,95.252,97.969,100.416,105.67
북구,-,-,-,-,-,-,-,-,95.068,95.764,96.493,86.907,87.788,87.419,87.201,87.971,88.048,88.18,90.42,92.262,92.664,91.487,91.628,92.038,92.81,93.784,94.693,95.745,98.244,100.367,103.883
광산구,-,-,-,-,-,-,-,-,78.25,79.051,79.972,74.223,76.011,76.628,76.789,78.864,81.087,82.926,86.662,88.269,89.712,89.137,89.405,90.104,90.905,92.311,92.907,94.04,96.994,100.345,105.058
대전(평균),-,-,-,-,-,-,-,-,75.48,75.601,75.692,69.37,69.63,69.463,70.16,72.438,76.404,78.12,83.435,86.9,88.188,87.333,87.56,88.918,90.223,91.354,92.278,93.98,96.905,100.246,103.617
동구,-,-,-,-,-,-,-,-,80.689,80.527,80.576,73.98,72.083,70.544,70.515,71.592,73.645,75.857,82.713,89.124,91.116,90.335,90.996,92.252,93.309,94.027,94.444,95.445,97.358,100.233,103.113
중구,-,-,-,-,-,-,-,-,95.135,94.669,94.112,86.301,84.155,82.782,82.443,83.311,85.099,86.236,87.832,90.719,91.55,90.518,90.706,91.982,93.139,94.042,94.658,95.778,97.804,100.244,103.138
서구,-,-,-,-,-,-,-,-,72.811,73.468,73.821,67.671,69.022,69.293,70.738,74.131,79.838,80.84,85.872,87.921,88.885,88.096,88.262,89.784,90.992,92.04,93.134,94.629,96.895,100.239,103.583
유성구,-,-,-,-,-,-,-,-,63.423,63.645,63.785,57.967,59.67,60.324,61.087,63.932,68.693,71.492,78.787,82.633,84.13,83.334,83.532,84.777,86.406,87.877,89.064,91.619,96.196,100.253,104.146
대덕구,-,-,-,-,-,-,-,-,81.274,81.486,82.016,75.896,76.041,76.224,77.119,78.688,81.39,82.665,86.309,90.059,91.451,90.423,90.428,91.897,92.915,93.936,94.512,95.544,97.456,100.252,103.343
울산(평균),-,-,-,-,-,-,-,-,-,-,90.181,77.972,79.147,78.947,79.247,80.627,81.16,82.623,84.326,86.803,89.323,89.073,89.346,90.004,90.989,92.487,93.752,95.486,97.893,100.194,103.743
중구,-,-,-,-,-,-,-,-,-,-,96.137,81.191,81.639,80.711,80.356,82.031,82.121,83.083,84.177,86.136,87.413,86.832,87.269,87.807,88.656,90.085,91.381,93.639,96.794,100.245,105.161
남구,-,-,-,-,-,-,-,-,-,-,93.457,79.527,80.982,80.654,81.43,82.708,83.255,84.132,85.258,87.983,90.245,90.172,90.211,90.824,91.302,92.716,94.092,95.504,97.857,100.182,103.864
동구,-,-,-,-,-,-,-,-,-,-,100.577,88.024,89.484,89.984,90.056,91.359,91.806,92.303,92.413,92.707,93.571,93.01,93.296,93.7,94.071,95.567,96.785,99.022,100.448,100.04,98.184
북구,-,-,-,-,-,-,-,-,-,-,83.716,74.152,76.013,76.379,76.539,77.298,78.713,80.29,82.304,85.812,88.929,88.667,88.848,89.437,90.778,92.346,93.722,95.632,97.823,100.128,104.399
울주군,-,-,-,-,-,-,-,-,-,-,81.559,72.601,73.344,73.236,73.36,75.129,75.467,78.412,81.735,84.406,88.13,87.922,88.412,89.274,90.863,92.448,93.536,95.162,97.703,100.269,104.455
세종(평균),-,-,-,-,-,-,-,-,-,-,-,-,-,-,-,-,-,-,-,-,-,-,-,-,-,83.168,87.74,91.713,95.906,100.486,107.535
경기(평균),27.402,33.455,49.473,60.38,69.245,69.302,64.409,64.24,65.176,65.968,66.392,56.659,59.216,60.354,61.508,69.548,73.108,77.585,81.968,86.13,89.77,89.529,90.619,91.963,93.315,94.284,95.144,96.321,97.99,100.176,103.632
시지역,-,-,-,-,-,-,-,-,-,-,-,-,-,-,-,-,-,-,-,-,-,-,-,-,-,94.22,95.092,96.281,97.972,100.178,103.652
군지역,-,-,-,-,-,-,-,-,-,-,-,-,-,-,-,-,-,-,-,-,-,-,-,-,-,96.509,96.976,97.652,98.585,100.125,102.949
수원시,31.896,37.6,49.374,62.192,74.907,75.323,69.249,70.743,71.646,71.983,72.387,62.17,64.404,65.354,66.636,74.587,77.223,80.374,84.251,88.814,92,90.966,91.795,93.175,94.647,95.299,95.796,96.981,98.368,100.173,103.245
장안구,-,43.036,55.67,70.512,83.339,84.263,77.575,78.259,78.792,79.052,79.25,69.348,71.145,71.838,72.716,78.253,79.947,82.633,85.833,89.724,92.596,91.514,92.139,93.539,95.115,95.791,96.372,97.398,98.445,100.071,102.704
권선구,-,35.527,47.813,59.748,74.01,73.822,70.495,72.848,74.168,74.309,74.799,64.402,65.791,66.021,67.096,75.54,77.1,80.126,84.72,89.712,93.056,92.146,93.144,94.473,95.96,96.065,96.173,97.285,98.619,100.28,103.118
팔달구,-,-,-,-,-,74.944,66.471,67.817,68.662,69.192,69.656,58.902,62.034,63.699,65.373,74.442,78.411,81.586,84.793,88.463,91.997,91.792,92.758,94.507,96.025,96.361,96.668,97.354,98.508,100.129,103.309
영통구,-,-,-,-,-,-,-,-,-,-,-,-,-,-,-,-,74.793,78.409,82.652,87.977,91.029,89.363,90.076,91.255,92.633,93.966,94.832,96.41,98.074,100.152,103.538
성남시,25.641,30.664,55.063,66.397,78.014,75.01,69.15,67.579,68.053,68.516,68.653,56.864,58.212,58.684,59.35,65.703,74.939,80.127,84.482,89.168,92.416,90.514,91.246,92.241,93.41,94.369,95.654,96.456,97.756,100.196,103.588
수정구,-,-,56.148,68.349,79.93,77.241,71.23,69.841,69.828,69.868,69.777,57.804,58.535,58.898,59.537,65.827,73.627,77.187,81.525,87.519,90.57,89.297,90.384,91.318,92.639,93.934,95.103,96.104,97.609,100.246,104.932
중원구,-,-,63.307,75.321,88.933,87.991,81.581,79.855,79.735,79.615,79.392,65.944,66.612,66.845,67.152,71.994,79.543,80.679,84.573,89.681,93.151,91.233,92.532,93.52,94.661,95.462,95.91,96.624,97.795,100.141,102.944
분당구,-,-,-,-,73.48,69.153,63.463,61.754,62.972,64.126,64.646,53.475,55.31,55.898,56.695,63.533,73.854,80.98,85.451,89.586,92.841,90.743,91.234,92.247,93.38,94.277,95.79,96.547,97.802,100.19,103.224
의정부시,28.17,33.855,51.455,68.955,76.505,76.733,70.855,70.913,71.105,71.782,71.99,60.934,63.232,64.344,65.88,72.877,75.355,79.348,81.567,85.806,90.635,91.691,93.007,94.396,95.344,95.69,96.055,97.167,98.296,100.103,102.544
안양시(평균),30.191,35.602,55.551,74.015,80.418,80.339,74.111,73.225,73.137,73.496,73.746,63.325,64.813,65.809,66.528,74.732,76.864,80.353,84.681,89.189,92.898,91.636,92.364,92.895,93.382,93.565,94.514,95.691,97.525,100.106,103.432
만안구,-,-,-,-,-,82.966,76.447,75.178,74.787,75.02,75.2,65.074,66.039,66.456,67.116,75.155,77.209,80.57,84.327,89.035,92.361,91.226,91.882,92.657,93.309,93.62,94.64,95.836,97.652,100.102,103.511
동안구,-,-,-,-,-,78.331,72.347,71.777,71.963,72.439,72.744,62.142,63.975,65.373,66.134,74.444,76.628,80.21,84.895,89.276,93.22,91.881,92.65,93.035,93.425,93.534,94.442,95.604,97.45,100.109,103.384
부천시(평균),29.462,34.695,53.667,67.085,76.794,78.121,72.798,72.303,72.411,72.803,72.934,63.32,64.326,64.797,65.904,76.271,78.745,79.989,83.171,86.397,90.15,89.713,91.03,92.257,93.42,94.303,95.607,97.056,98.899,100.189,103.582
원미구,-,-,-,-,-,84.18,78.46,78.154,78.326,78.585,78.648,67.176,68.033,68.354,69.472,80.577,82.78,83.327,86.189,89.182,92.609,92.141,93.392,94.568,95.524,96.502,98.155,99.957,101.898,-,-
소사구,-,-,-,-,-,78.737,72.968,72.097,72.148,72.618,72.705,63.651,64.545,65.024,65.952,75.074,77.955,79.707,84.534,88.272,93.369,93.01,94.567,95.933,97.78,98.537,99.245,100.098,101.894,-,-
오정구,-,-,-,-,-,74.023,69.388,68.987,69.076,69.63,69.902,62.351,63.927,64.749,66.138,77.456,80.42,82.843,85.578,89.311,93.051,92.562,93.986,95.377,96.5,97.397,98.614,99.976,101.877,-,-
광명시,25.512,31.332,44.304,59.866,68.87,67.337,63.733,64.359,66.02,67.169,67.733,57.19,59.786,60.952,62.091,69.662,72.965,79.098,82.686,86.799,89.339,88.404,89.466,91.421,92.698,93.851,94.886,95.97,97.991,100.209,103.778
평택시,-,-,-,-,-,-,-,-,52.882,53.509,53.713,45.525,47.667,48.574,49.062,54.66,58.063,64.765,72.894,79.405,83.362,85.586,86.661,88.464,90.053,91.449,92.307,93.506,96.237,100.301,107.871
동두천시,35.746,42.593,68.249,79.409,90.04,92.774,86.376,86.14,86.156,86.84,87.274,73.676,75.87,76.585,76.561,82.419,84.012,87.744,89.929,92.422,95.255,95.02,95.593,96.343,97.189,97.685,97.739,98.005,98.836,100.084,101.745
안산시(평균),34.988,40.865,57.145,74.888,83.818,77.743,71.276,69.003,68.837,69.237,69.653,59.963,61.884,62.318,62.643,75.045,78.503,80.996,83.32,86.115,89.721,89.43,91.234,92.378,93.535,93.877,94.885,96.336,97.954,100.221,103.308
상록구,-,-,-,-,-,-,-,-,-,-,-,-,-,-,-,-,80.643,83.279,85.635,88.577,91.245,90.965,91.996,93.193,94.345,94.649,95.474,96.726,97.954,100.204,103.248
단원구,-,-,-,-,-,-,-,-,-,-,-,-,-,-,-,-,77.285,79.693,81.999,84.713,88.843,88.543,90.8,91.916,93.074,93.44,94.556,96.119,97.954,100.235,103.362
고양시(평균),-,-,-,-,-,63.1,60.742,62.148,64.472,66.033,66.914,55.398,58.906,59.947,61.078,72.898,76.174,81.704,84.775,88.081,91.634,91.773,93.108,93.879,94.786,95.085,95.401,96.313,97.93,100.136,103.76
덕양구,-,-,-,-,-,-,-,-,63.095,64.623,65.445,54.733,57.566,58.724,59.042,71.254,75.595,81.415,84.496,88.178,92.058,92.55,94.425,95.504,96.405,96.676,96.771,97.146,98.3,100.131,104.019
일산동구,-,-,-,-,-,-,-,-,-,-,-,-,-,-,-,-,-,-,85.602,88.59,91.083,91.028,91.726,92.192,93.037,93.404,94.079,94.872,97.559,100.178,103.379
일산서구,-,-,-,-,-,-,-,-,-,-,-,-,-,-,-,-,-,-,84.033,87.199,91.529,91.352,92.619,93.274,94.262,94.528,94.766,96.649,97.75,100.094,103.749
과천시,27.9,34.747,50.771,61.934,69.918,69.353,64.697,64.534,65.227,66.29,66.856,58.662,60.516,61.269,62.136,72.311,75.257,79.241,83.744,90.496,92.775,90.323,92.37,92.785,93.36,93.62,94.393,96.37,98.232,100.11,103.389
구리시,34.266,42.026,51.986,60.996,69.923,70.736,66.749,66.789,67.245,67.926,68.328,58.265,60.904,61.626,62.455,70.855,73.25,76.405,78.591,84.079,88.789,88.813,90.089,91.268,92.219,93.299,93.907,95.276,97.888,100.197,103.46
남양주시,-,-,-,-,-,-,-,-,60.806,61.25,61.49,52.224,54.674,55.898,57.61,65.814,69.609,73.763,77.92,81.882,85.251,86.762,88.157,89.459,90.557,91.834,92.538,94.147,97.098,100.186,104.156
오산시,-,30.595,48.029,56.998,65.292,67.506,62.503,62.396,62.627,62.909,63.584,53.629,55.971,56.15,57.516,69.032,73.114,79.596,83.388,87.637,91.332,90.195,90.691,91.943,93.348,94.342,95.372,96.921,98.42,100.184,102.9
시흥시,-,31.815,47.902,57.73,68.325,68.906,64.009,64.366,65.402,66.521,67.256,58.463,60.318,61.049,61.373,69.888,72.745,76.029,79.309,83.196,86.314,86.01,86.814,89.415,92.574,94.117,95.236,96.605,97.882,100.157,103.507
군포시,-,33.764,54.459,70.727,76.814,77.07,72.071,72.697,73.726,74.044,74.422,62.932,64.995,66.099,66.949,74.54,76.206,79.283,82.495,86.958,89.937,89.847,90.9,92.884,93.922,94.082,94.963,96.115,97.715,100.179,103.534
의왕시,-,25.755,45.738,62.67,69.461,68.527,63.714,64.248,65.301,66.042,66.545,57.577,59.637,60.665,61.494,68.462,70.18,74.598,79.114,85.662,88.606,87.638,88.724,89.794,90.936,91.973,92.882,94.742,97.093,100.169,104.349
하남시,-,26.522,36.156,45.354,50.376,50.601,49.035,48.605,48.838,49.299,49.56,44.475,45.773,46.527,46.994,54.471,59.308,61.672,65.709,70.247,73.917,73.13,75.852,79.464,83.949,86.816,90.097,93.702,97.033,100.1,103.989
용인시(평균),-,-,-,-,-,-,-,-,-,60.967,61.862,54.081,58.824,61.333,63.749,71.512,74.039,78.264,84.059,87.702,91.6,90.322,91.312,92.604,93.817,94.731,95.828,96.852,98.316,100.131,102.372
처인구,-,-,-,-,-,-,-,-,-,-,-,-,-,-,-,-,-,-,80.323,84.814,89.278,89.931,90.862,92.409,93.943,94.909,96.001,97.007,98.347,100.144,102.51
기흥구,-,-,-,-,-,-,-,-,-,-,-,-,-,-,-,-,-,-,86.035,88.65,92.329,90.506,91.502,92.648,93.708,94.64,96.019,96.816,98.249,100.13,102.433
수지구,-,-,-,-,-,-,-,-,-,-,-,-,-,-,-,-,-,-,86.561,90.322,93.606,90.558,91.608,92.78,93.819,94.635,95.32,96.709,98.381,100.118,102.094
파주시,-,-,-,-,-,-,-,-,-,58.925,60.034,50.933,55.189,57.609,59.244,68.346,71.287,80.755,85.403,89.039,93.477,93.305,94.16,94.998,95.862,96.896,96.909,98.123,98.97,100.125,102.936
이천시,-,-,-,-,-,-,-,-,-,66.588,66.808,57.78,61.4,63.406,64.883,69.679,72.131,78.25,83.258,86.297,89.538,88.659,89.61,90.917,92.287,93.304,94.368,95.96,97.849,100.186,102.948
안성시,-,-,-,-,-,-,-,-,-,-,-,60.24,63.731,64.845,65.248,69.012,70.431,75.12,81.389,85.769,89.736,88.754,89.326,90.882,92.707,93.621,94.398,95.732,97.89,100.098,103.353
김포시,-,-,-,-,-,-,-,-,-,-,-,57.705,60.199,61.934,62.724,67.307,73.138,78.3,84.788,87.621,90.292,91.711,92.924,94.486,95.436,96.763,97.02,97.362,98.679,100.078,103.458
화성시,-,-,-,-,-,-,-,-,-,-,-,-,-,51.7,53.474,61.183,65.399,68.819,75.109,80.124,84.583,86.441,87.498,89.59,91.812,93.755,95.02,96.252,98.043,100.368,104.475
광주시,-,-,-,-,-,-,-,-,-,-,-,-,-,58.557,60.297,67.918,70.412,77.03,81.782,86.382,90.618,89.963,90.542,91.916,93.408,94.474,95.537,96.704,98.036,100.169,103.552
양주시,-,-,-,-,-,-,-,-,-,-,-,-,-,-,-,-,73.898,78.964,83.024,88.147,93.301,93.848,94.441,95.084,96.024,96.585,96.825,97.344,98.357,100.039,102.065
포천시,-,-,-,-,-,-,-,-,-,-,-,-,-,-,-,-,77.371,82.118,86.156,89.558,94.098,93.94,94.862,95.616,96.583,97.173,97.262,97.652,98.525,100.108,102.281
여주시,-,-,-,-,-,-,-,-,-,-,-,-,-,-,-,-,-,-,-,-,-,-,-,-,-,-,94.491,96.295,97.999,100.202,103.44
연천군,39.605,44.189,64.239,73.886,85.54,87.88,83.754,83.746,83.989,84.561,85.282,69.816,71.649,74.71,75.783,78.618,79.343,85.643,88.901,91.767,95.276,95.013,95.654,96.399,97.219,97.807,98.002,98.267,98.98,100.074,101.576
가평군,42.271,51.515,75.358,85.216,87.384,86.86,80.112,80.08,80.529,81.41,82.145,68.712,70.328,70.842,71.818,77.787,80.465,85.51,88.582,91.313,93.77,93.382,94.39,95.43,96.271,96.852,97.16,97.894,98.712,100.104,102.409
양평군,50.663,58.349,72.89,77.719,82.319,81.571,77.249,76.878,77.349,78.141,78.445,66.338,68.497,68.989,70.911,76.415,77.759,81.679,85.005,89.373,91.78,91.181,92.481,93.999,94.844,95.809,96.485,97.292,98.37,100.155,103.74
강원(평균),43.933,53.195,66.764,74.754,80.125,80.967,77.014,76.929,77.802,78.779,79.38,72.793,74.614,75.657,77.385,78.843,80.255,82.076,84.237,86.36,87.796,88.128,88.429,89.173,90.436,92.055,93.243,94.891,97.398,100.246,104.073
시지역,-,-,-,-,-,-,-,-,-,-,-,-,-,-,-,-,-,-,-,-,-,-,-,-,-,91.123,92.433,94.338,97.11,100.278,104.245
군지역,-,-,-,-,-,-,-,-,-,-,-,-,-,-,-,-,-,-,-,-,-,-,-,-,-,93.531,94.526,95.755,97.847,100.196,103.807
춘천시,30.026,35.934,52.077,62.3,68.786,70.436,66.316,66.554,67.403,69.014,69.992,65.124,67.044,68.572,75.449,76.252,77.872,78.959,81.23,83.311,85.034,84.958,85.827,87.277,88.633,90.83,92.369,94.217,97.073,100.272,103.773
원주시,34.815,40.769,52.996,64.936,69.005,70.013,67.872,68.395,68.916,69.407,69.706,64.366,66.355,66.881,67.007,68.139,70.084,73.144,76.126,80.589,82.73,84.509,84.739,85.502,87.046,89.121,90.702,93.405,96.455,100.293,104.725
강릉시,48.616,62.174,68.828,80.557,91.549,89.624,86.254,86.253,87.72,88.848,89.543,79.549,80.769,81.695,81.891,83.362,84.654,85.486,87.236,88.05,88.42,88.269,88.239,88.503,90.041,92.112,93.504,95.131,97.782,100.35,104.434
동해시,35.019,47.86,64.404,75.791,87.086,88.849,85.087,84.153,85.508,86.901,88.142,84.731,86.981,88.097,87.938,88.193,90.149,92.011,92.467,93.487,94.318,94.271,94.09,94.138,94.214,94.632,94.908,95.968,98.095,100.217,103.419
태백시,80.38,85.238,87.097,85.883,81.278,80.724,77.959,79.812,82.168,85.696,86.738,81.257,83.078,85.521,89.169,92.706,93.338,94.538,95.53,96.51,97.059,97.055,96.758,96.854,96.898,97.097,96.918,97.104,98.562,100.139,102.094
속초시,48.941,55.587,70.009,83.452,93.619,95.337,89.312,89.268,89.912,91.032,91.799,83.851,85.114,85.242,85.292,86.614,87.832,90.314,90.928,91.341,91.909,91.898,92.057,92.355,92.937,93.696,94.019,94.265,96.87,100.213,106.035
삼척시,44.171,56.966,69.274,81.487,93.552,94.717,91.281,91.829,93.241,93.886,94.422,85.176,86.271,86.669,86.834,87.687,88.762,89.671,90.247,91.405,92.681,91.97,92.184,92.719,93.135,94.066,94.856,96.076,98.331,100.169,102.703
홍천군,54.771,64.073,73.871,78.802,80.744,80.582,75.233,74.85,74.745,74.745,75.239,69.013,70.957,71.833,73.243,76.985,77.927,79.918,83.348,85.314,87.135,88.038,88.717,89.983,91.582,92.997,94.122,95.338,97.544,100.193,103.466
횡성군,52.687,58.527,66.919,72.603,78.057,79.691,76.699,76.217,76.392,77.059,77.475,70.745,73.42,74.676,75.486,79.219,80.141,80.889,84.322,86.993,88.588,88.541,89.052,89.764,91.22,93.034,94.278,95.392,97.741,100.251,103.768
영월군,57.117,61.23,70.737,78.449,85.863,89.055,84.98,84.727,84.176,84.361,84.834,78.274,79.106,79.995,82.117,83.586,84.131,84.983,86.933,89.278,91.185,91.022,91.275,91.653,92.609,93.786,94.905,96.786,98.534,100.14,103.09
평창군,58.799,65.281,74.628,78.449,80.212,79.539,76.549,74.708,75.465,76.572,77.047,71.556,73.637,73.666,74.02,75.428,76.994,80.405,82.717,85.056,86.331,86.035,86.225,87.314,89.823,92.119,93.884,95.972,98.04,100.198,104.134
정선군,62.2,66.827,68.358,68.959,68.75,68.295,66.501,66.807,68.234,71.241,71.934,67.931,70.351,73.577,76.731,80.306,81.524,82.565,84.74,87.269,89.089,89.057,89.277,90.332,92.285,93.239,94.162,95.753,97.906,100.161,102.681
철원군,48.375,61.67,75.329,80.74,89.29,91.107,86.218,86.269,86.884,87.458,87.668,80.964,82.119,85.144,85.111,85.64,85.82,88.342,91.537,92.652,94.424,94.239,94.336,94.48,94.709,95.338,95.497,96.037,98.131,100.156,103.058
화천군,68.573,77.509,86.574,92.418,98.399,100.19,95.113,94.656,94.846,95.035,95.368,84.907,86.944,88.289,89.246,90.043,90.81,90.901,93.076,93.89,94.252,94.182,94.27,94.411,94.678,95.276,95.499,96.105,98.036,100.157,103.409
양구군,66.674,74.338,74.674,81.358,85.501,86.132,81.579,81.424,81.604,82.087,82.481,77.016,78.912,79.906,81.733,84.529,86.317,87.288,89.816,91.995,93.971,93.731,93.865,94.23,94.556,95.148,95.52,96.009,97.945,100.128,103.356
인제군,65.643,68.691,82.608,87.871,91.345,90.831,85.155,84.577,85.23,85.546,85.896,78.402,81.591,82.558,82.971,84.406,85.271,86.324,88.015,89.342,91.012,91.536,91.64,92.436,93.404,94.271,94.916,95.539,97.679,100.198,103.903
고성군,49.948,58.393,66.536,81.561,84.277,86.434,81.84,83.429,86.26,86.623,86.821,76.365,78.338,79.606,80.7,83.437,84.924,87.084,89.172,91.098,92.692,92.582,92.679,93.001,93.52,94.391,95.438,96.664,98.07,100.19,105.238
양양군,52.003,61.666,76.585,83.261,87.522,90.212,84.948,84.812,87.435,89.08,89.401,79.88,82.205,83.577,84.525,85.339,86.678,89.331,89.91,91.426,92.132,92.126,92.137,92.373,92.837,93.555,94.038,94.653,97.039,100.306,106.033
충북(평균),47.264,53.554,62.153,69.286,79.199,80.479,75.599,75.296,75.59,76.173,76.962,71.472,74.403,75.239,75.541,77.825,79.803,82.87,86.998,90.801,91.95,91.615,91.716,92.316,92.855,93.865,94.822,96.43,98.263,100.149,103.233
시지역,-,-,-,-,-,-,-,-,-,-,-,-,-,-,-,-,-,-,-,-,-,-,-,-,-,93.975,94.837,96.526,98.324,100.135,103.173
군지역,-,-,-,-,-,-,-,-,-,-,-,-,-,-,-,-,-,-,-,-,-,-,-,-,-,93.598,94.638,96.242,98.142,100.176,103.347
청주시(평균),-,-,-,-,-,-,-,-,-,-,-,-,-,-,-,-,-,-,-,-,-,-,-,-,-,-,-,96.422,98.26,100.147,103.105
상당구,-,-,-,-,-,-,-,-,-,-,-,-,-,-,-,-,-,-,-,-,-,-,-,-,-,-,-,96.897,98.655,100.136,103.069
서원구,-,-,-,-,-,-,-,-,-,-,-,-,-,-,-,-,-,-,-,-,-,-,-,-,-,-,-,96.909,98.326,100.138,102.769
흥덕구,-,-,-,-,-,-,-,-,-,-,-,-,-,-,-,-,-,-,-,-,-,-,-,-,-,-,-,96.141,98.229,100.123,103.365
청원구,-,-,-,-,-,-,-,-,-,-,-,-,-,-,-,-,-,-,-,-,-,-,-,-,-,-,-,96.086,97.956,100.194,103.03
충주시,48.341,54.818,63.901,75.469,87.057,88.355,82.939,82.212,82.376,83.285,84.114,78.421,79.961,80.304,80.209,80.738,81.693,83.489,88.712,90.896,91.888,91.395,91.573,92.307,92.974,93.943,94.824,96.903,98.588,100.087,103.223
제천시,55.152,63.643,73.485,82.828,93.574,95.179,89.303,88.786,88.883,89.373,90.098,84.25,86.996,87.93,87.365,87.523,88.206,89.403,91.151,94.121,94.93,94.124,93.258,93.413,93.746,94.314,95.075,96.498,98.241,100.149,103.558
보은군,58.523,72.336,81.139,89.874,93.832,93.851,87.643,86.665,86.708,87.073,87.885,83.94,87.802,88.639,88.663,88.044,87.912,88.599,90.246,92.64,93.819,93.742,93.813,94.292,94.377,94.725,95.314,96.437,98.335,100.141,102.554
옥천군,48.115,65.363,74.476,85.262,92.581,92.33,87.373,87.102,87.128,87.172,87.669,81.873,85.639,86.076,86.472,86.758,86.863,87.971,89.359,90.954,92.299,91.856,91.862,92.523,92.979,93.533,94.371,96.434,98.428,100.15,102.677
영동군,57.949,71.055,79.744,85.069,90.397,92.367,87.797,87.56,88.104,88.793,89.131,82.734,86.7,87.575,87.644,87.408,87.434,87.767,90.151,92.299,93.57,93.423,93.571,94.138,94.938,95.47,96.137,97.305,98.883,100.152,102.241
증평군,-,-,-,-,-,-,-,-,-,-,-,-,-,-,-,-,85.01,87.75,90.439,92.377,93.569,93.409,93.644,94.079,94.336,94.986,95.846,97.354,98.735,100.114,102.786
진천군,42.03,48.802,59.945,67.347,73.696,75.8,71.304,70.813,70.784,71.252,72.068,66.535,69.037,69.058,69.321,69.307,69.87,72.7,77.287,86.821,89.927,89.823,90.234,91.41,92.12,93.608,94.692,96.576,98.324,100.192,103.629
괴산군,54.795,59.566,66.629,80.491,86.739,88.592,83.044,82.34,82.744,83.634,84.447,77.812,84.111,86.214,86.702,86.642,87.022,87.563,89.511,91.457,92.707,92.662,92.887,93.61,94.25,94.866,95.304,96.345,98.344,100.181,102.792
음성군,43.977,50.135,58.397,65.257,72.04,74.174,69.771,69.256,69.777,70.865,71.533,65.354,68.758,69.35,69.69,69.746,70.138,72.398,76.91,86.231,87.963,87.518,88.018,89.044,90.511,92.069,93.265,95.453,97.583,100.203,103.987
단양군,63.041,70.382,80.293,86.034,92.95,94.927,89.411,89.179,89.383,90.218,90.407,83.071,85.537,85.631,85.896,86.215,86.715,87.01,89.357,91.258,92.414,91.929,92.066,92.488,93.329,94.03,94.598,96.055,97.877,100.14,103.968
충남(평균),38.828,45.172,57.665,64.192,70.331,71.122,66.603,66.284,66.105,66.822,67.58,62.772,64.772,65.539,65.781,67.413,70.653,78.885,85.452,90.191,92.019,91.911,92.147,93.217,93.927,94.753,95.49,96.813,98.277,100.142,103.129
시지역,-,-,-,-,-,-,-,-,-,-,-,-,-,-,-,-,-,-,-,-,-,-,-,-,-,94.502,95.258,96.663,98.203,100.143,103.358
군지역,-,-,-,-,-,-,-,-,-,-,-,-,-,-,-,-,-,-,-,-,-,-,-,-,-,95.639,96.309,97.327,98.53,100.138,102.349
천안시(평균),31.5,36.958,44.899,49.508,61.769,64.289,61.812,61.643,61.89,63.476,64.651,60.449,61.738,61.775,61.899,64.938,70.316,82.85,88.882,91.428,93.47,93.411,93.36,94.104,94.661,95.167,95.607,96.839,98.302,100.145,103.459
동남구,-,-,-,-,-,-,-,-,-,-,-,-,-,-,-,-,-,-,-,-,-,93.652,93.485,94.266,94.972,95.47,95.817,96.689,98.38,100.14,102.767
서북구,-,-,-,-,-,-,-,-,-,-,-,-,-,-,-,-,-,-,-,-,-,93.229,93.28,93.995,94.436,94.949,95.458,96.96,98.245,100.148,104.001
공주시,36.118,43.773,53.397,59.28,65.826,65.714,60.944,60.366,59.818,60.141,61.103,56.139,58.394,58.951,58.909,60.119,64.086,69.945,82.344,90.186,91.2,89.756,89.36,90.011,90.812,92.769,93.505,94.976,97.293,100.134,102.478
보령시,-,-,-,-,-,-,-,-,72.444,73.207,73.964,68.444,71.201,72.463,73.328,76.293,78.136,83.106,88.201,93.023,94.259,92.682,92.868,94.325,94.783,95.422,95.91,97.357,98.523,100.078,102.399
아산시,-,-,-,-,-,-,-,-,56.804,58.981,59.817,54.903,56.483,57.181,57.335,60.063,65.306,76.803,84.336,89.141,91.004,91.162,91.901,93.348,94.181,94.761,95.388,96.721,98.022,100.184,103.855
서산시,-,-,67.358,74.608,82.691,83.012,77.237,76.99,75.788,75.505,76.18,69.629,71.925,72.843,72.923,73.625,75.392,82.114,85.623,89.023,90.713,90.552,91.291,92.168,92.779,94.085,95.181,96.568,98.337,100.102,103.634
논산시,-,-,-,-,-,-,-,-,-,79.328,80.427,74.43,76.526,77.672,78.198,78.785,82.453,85.823,92.301,93.557,93.875,92.874,91.943,92.799,93.83,95.096,95.836,96.797,98.241,100.203,102.92
계룡시,-,-,-,-,-,-,-,-,-,-,-,-,-,-,-,-,82.606,88.692,95.41,98.473,98.553,96.217,95.888,95.729,95.923,96.202,96.44,97.342,98.314,100.25,102.585
당진시,-,-,-,-,-,-,-,-,-,-,-,-,-,-,-,-,-,-,-,-,-,-,-,-,92.406,93.433,94.841,96.808,98.441,100.116,103.327
금산군,45.015,54.684,60.993,67.621,79.919,82.847,78.047,77.844,77.859,78.884,79.867,74.942,77.613,79.443,80.16,80.44,81.847,86.336,92.897,95.891,96.507,95.054,93.593,94.277,95.22,95.886,96.51,97.471,98.767,100.151,102.092
부여군,60.269,66.076,79.196,88.214,91.648,88.936,83.018,83.051,83.15,83.625,84.591,78.833,81.965,83.275,83.6,83.926,84.592,88.259,91.576,93.465,94.429,93.662,93.93,94.364,94.898,95.681,96.142,97.106,98.42,100.14,102.092
서천군,49.252,60.954,78.47,87.276,93.683,94.02,86.804,85.294,85.2,85.353,85.558,81.447,84.083,86.051,85.976,86.174,86.536,87.926,92.579,93.833,95.272,94.546,94.593,94.973,95.371,95.945,96.614,97.524,98.662,100.175,102.064
청양군,55.084,66.546,76.048,78.623,82.316,82.561,76.827,76.236,75.947,76.632,77.517,72.285,74.099,74.455,74.387,74.492,75.066,81.705,86.562,92.855,95.068,93.905,94.14,94.677,95.444,96.268,96.73,97.267,98.446,100.117,102.014
홍성군,33.807,37.339,60.452,66.507,67.395,68.11,63.925,63.523,63.403,63.377,64.211,59.963,61.76,62.873,63.011,63.701,64.796,71.098,74.169,86.663,89.93,91.285,91.51,92.935,93.807,94.899,95.852,97.106,98.597,100.128,102.309
예산군,38.298,46.441,66.629,68.953,71.67,71.964,67.081,66.76,66.707,66.941,67.342,63.396,65.52,66.157,66.138,66.283,66.761,73.23,75.877,88.825,91.967,92.52,92.864,93.796,94.423,95.342,96.043,97.078,98.439,100.145,102.276
태안군,-,58.547,74.637,84.302,81.804,80.81,74.616,73.849,73.583,73.406,73.892,68.7,71.565,72.592,72.614,75.096,76.252,82.434,87.267,91.93,94.997,93.26,93.05,94.443,95.281,96.122,96.726,97.771,98.46,100.116,102.985
전북(평균),44.001,55.91,73.165,81.103,88.726,89.837,84.501,83.995,84.399,85.365,85.86,81.056,82.82,83.751,83.651,84.187,84.998,85.603,86.784,87.905,88.969,91.269,90.787,91.386,92.088,93.407,94.38,95.875,98.086,100.196,103.529
시지역,-,-,-,-,-,-,-,-,-,-,-,-,-,-,-,-,-,-,-,-,-,-,-,-,-,93.355,94.349,95.858,98.137,100.189,103.294
군지역,-,-,-,-,-,-,-,-,-,-,-,-,-,-,-,-,-,-,-,-,-,-,-,-,-,93.578,94.481,95.933,97.927,100.216,104.246
전주시(평균),40.086,50.417,68.489,79.865,88.736,89.469,84.346,83.463,83.688,84.461,84.993,78.232,79.649,79.952,79.912,80.972,82.841,83.855,85.338,86.891,88.608,88.59,88.599,89.195,90.056,91.53,92.683,94.404,97.497,100.237,104.175
완산구,-,-,68.915,80.415,89.876,90.074,84.693,83.546,83.771,84.545,85.282,78.038,79.041,79.231,78.97,79.865,81.952,82.494,84.143,85.567,87.293,87.274,87.292,88.038,89.217,90.927,92.072,93.812,97.399,100.277,103.831
덕진구,-,-,68.424,79.728,87.882,89.279,84.371,83.73,83.957,84.732,85.071,78.7,80.525,80.951,81.138,82.353,83.995,85.49,86.792,88.488,90.199,90.186,90.185,90.601,91.07,92.256,93.42,95.116,97.615,100.192,104.568
군산시,35.513,50.249,67.477,74.218,87.183,88.91,82.247,81.73,81.24,82.129,82.631,78.275,79.455,79.82,79.572,79.492,79.469,79.746,80.085,80.567,81.676,94.1,91.595,92.529,93.236,94.572,95.581,96.983,98.815,100.057,101.229
익산시,-,-,-,-,-,-,-,-,90.298,91.861,92.126,85.938,87.731,88.69,88.343,88.645,88.937,89.544,90.287,91.224,91.814,91.793,91.474,92.007,92.521,94.354,95.197,96.5,98.276,100.247,104.168
정읍시,-,-,-,-,-,-,-,-,90.682,91.629,92.373,87.235,89.105,90.261,89.944,89.728,89.693,89.836,90.294,91.523,91.982,91.971,91.98,92.357,92.634,93.714,94.657,96.06,98.282,100.26,103.766
남원시,57.672,64.568,73.461,83.006,91.504,93.123,89.312,89.543,90.496,91.46,91.908,88.475,92.579,94.608,94.844,95.157,94.967,94.862,94.896,94.607,94.5,93.599,93.618,93.834,94.104,94.617,95.313,96.671,98.379,100.196,103.128
김제시,-,61.549,79.643,88.882,92.299,91.847,87.28,87.218,87.332,87.779,88.016,85.853,88.198,90.234,90.026,89.972,90.053,90.359,91.312,91.592,92.164,92.947,92.983,93.453,93.836,94.549,95.307,96.798,98.324,100.176,103.206
완주군,33.448,45.579,63.944,70.169,75.265,76.735,71.893,71.9,73.013,74.194,74.886,73.481,75.146,76.469,76.691,77.8,80.225,81.281,83.839,86.989,88.461,88.33,88.378,88.836,90.063,92.144,93.175,94.867,97.253,100.242,105.11
진안군,56.257,62.737,76.063,82.825,86.21,87.84,86.422,86.551,87.368,88.121,88.775,85.574,87.731,89.835,89.664,90.248,91.036,92.142,92.838,93.651,94.155,93.991,94.002,94.165,94.391,95.004,95.716,97.257,98.614,100.186,103.403
무주군,47.24,55.159,64.209,69.192,72.199,73.592,71.541,72.555,72.933,74.187,74.394,72.74,73.499,74.339,74.233,75.008,75.791,76.872,88.224,92.797,94.117,94.065,94.07,94.214,94.752,95.36,96.015,97.077,98.72,100.245,103.693
장수군,59.376,66.685,81.964,85.671,88.9,88.997,83.54,84.267,84.448,85.993,86.199,83.573,85.967,88.535,88.791,89.262,89.996,90.872,92.324,93.558,94.422,94.297,94.335,94.632,94.812,95.158,95.82,97.09,98.594,100.172,103.227
임실군,61.964,73.083,81.617,87.319,90.746,90.736,86.924,86.274,86.542,86.897,87.594,86.401,88.95,91.086,91.25,91.642,91.761,91.881,91.87,92.454,92.796,92.586,92.589,92.912,93.571,94.159,94.932,96.24,98.043,100.113,103.394
순창군,70.39,78.089,91.756,95.022,96.119,95.562,91.618,90.795,90.977,91.341,91.707,87.687,89.558,91.025,91.007,91.717,91.874,91.983,92.379,92.8,93.085,93.08,93.108,93.335,93.676,94.229,94.816,96.293,98.111,100.149,103.635
고창군,65.853,81.424,99.18,94.772,95.399,93.622,89.427,87.73,88.591,89.196,89.642,86.837,89.486,91.198,91.17,91.498,91.324,91.443,91.584,91.757,92.308,92.272,92.3,92.621,93.153,94.107,95.225,96.511,98.313,100.24,103.613
부안군,43.714,52.413,72.597,77.635,80.019,80.924,76.974,76.788,77.467,78.745,79.503,77.171,79.809,82.565,82.746,83.944,84.381,84.668,85.858,86.277,87.714,89.625,89.643,91.023,92.487,93.572,94.495,95.901,97.972,100.218,104.299
전남(평균),41.13,54.509,75.415,82.632,86.344,86.246,81.475,81.036,81.198,81.873,82.448,76.716,80.176,81.726,82.012,82.794,83.208,83.985,86.042,87.687,88.835,89.066,89.38,90.392,91.248,92.474,93.365,95.047,97.71,100.253,104.165
시지역,-,-,-,-,-,-,-,-,-,-,-,-,-,-,-,-,-,-,-,-,-,-,-,-,-,91.721,92.748,94.708,97.575,100.248,104.403
군지역,-,-,-,-,-,-,-,-,-,-,-,-,-,-,-,-,-,-,-,-,-,-,-,-,-,93.339,94.081,95.454,97.874,100.258,103.876
목포시,39.722,52.079,76.728,91.277,96.286,96.065,93.674,93.805,94.284,95.211,95.832,88.631,92.111,92.454,92.861,94.29,93.931,94.176,94.563,94.814,94.892,94.646,94.694,95.212,95.352,96.15,96.924,98.092,99.31,100.309,102.833
여수시,41.936,50.658,77.506,82.392,84.955,83.606,78.702,78.066,78.409,78.488,78.983,70.499,73.309,74.502,74.673,75.385,76.301,77.121,77.745,78.529,80.986,83.944,84.848,86.968,88.891,91.096,92.268,93.788,96.84,100.312,105.197
순천시,29.257,52.279,79.947,95.286,99.596,98.768,91.081,90.236,90.38,91.233,91.48,83.487,84.931,85.466,85.286,85.927,86.539,87.748,87.794,88.696,89.492,89.298,89.625,90.658,91.478,93.023,93.971,95.374,97.807,100.304,104.787
나주시,38.771,50.156,55.221,63.974,71.161,71.347,66.193,65.678,66.192,66.769,67.265,63.507,65.972,67.635,67.614,67.52,67.378,67.48,75.047,82.45,84.127,85.181,85.457,85.96,86.423,87.485,88.367,92.303,97.222,100.208,105.146
광양시,-,-,-,-,-,-,-,-,87.115,87.36,87.778,76.343,78.407,78.965,78.79,80.527,81.172,81.921,84.21,85.425,86.212,86.155,86.675,88.376,90.025,91.634,92.837,95.068,97.551,100.1,103.203
담양군,55.222,65.621,73.521,76.124,82.868,83.274,80.061,79.996,81.203,82.79,83.229,78.605,82.425,83.551,84.069,84.854,85.066,85.236,87.882,89.469,90.69,89.993,90.101,90.682,91.103,91.966,92.884,94.255,97.245,100.287,105.456
곡성군,58.735,75.288,86.383,89.147,89.834,88.947,82.817,82.667,83.397,83.773,84.571,81.395,84.85,85.983,86.362,87.568,88.712,89.871,90.853,91.653,92.052,91.091,91.169,91.616,92.064,92.836,93.61,94.776,97.389,100.281,104.214
구례군,60.35,76.93,85.89,84.958,87.894,88.847,87.089,86.984,87.594,88.182,89.165,81.909,85.351,86.215,86.198,86.353,86.629,86.708,87.271,88.414,88.95,88.058,88.242,88.922,89.906,90.797,91.397,92.594,97.321,100.104,104.782
고흥군,63.129,71.803,76.879,84.802,88.063,88.274,82.743,82.519,82.982,84.108,85.181,82.443,86.629,89.326,90.371,90.805,90.851,91.105,91.509,91.707,92.034,91.06,90.911,91.615,92.903,93.634,94.312,95.357,97.669,100.265,104.416
보성군,63.502,74.901,79.856,83.425,87.127,87.875,84.887,85.662,86.945,87.564,88.292,85.207,88.024,89.725,89.767,90.153,90.514,90.831,91.326,91.96,92.694,91.772,91.806,92.255,93.048,93.775,94.634,95.795,98.075,100.207,103.3
화순군,56.705,67.702,77.169,82.868,85.371,85.71,81.069,80.913,81.577,82.782,83.738,79.252,82.565,85.036,86.036,86.752,87.955,88.386,89.39,90.811,91.816,90.888,90.935,91.477,91.911,92.724,93.46,94.901,97.523,100.299,104.195
장흥군,63.278,72.462,84.349,85.594,84.161,84.093,79.804,79.286,78.701,79.087,80.057,80.607,86.601,89.072,89.24,89.76,89.534,89.759,90.207,90.668,91.147,90.998,91.097,91.972,92.591,93.435,94.339,96.109,98.035,100.191,103.257
강진군,64.261,73.839,80.687,86.296,90.665,91.78,85.728,85.121,85.172,85.898,86.371,84.208,87.231,89.45,90.093,90.354,90.707,90.971,91.319,91.644,92.008,91.72,91.784,92.502,92.964,93.818,94.593,96.132,97.99,100.199,103.58
해남군,51.328,60.173,73.201,80.649,84.982,84.788,78.519,77.045,76.737,77.653,78.167,75.853,78.573,79.996,79.811,79.85,80.386,84.044,88.005,90.646,91.479,91.204,91.387,92.097,93.047,94.1,94.992,96.221,97.956,100.208,103.157
영암군,45.07,59.553,78.484,83.723,91.336,91.186,84.513,83.654,83.212,83.746,84.671,79.952,83.497,85.374,86.006,86.143,86.014,87.415,90.709,91.963,92.943,92.098,92.254,93.187,93.611,94.747,95.35,96.561,98.553,100.248,102.382
무안군,41.995,52.316,56.521,55.042,55.163,54.509,51.923,52.612,52.406,52.986,53.673,53.642,66.947,72.627,74.292,76.93,77.369,78.2,84.687,88.549,91.132,91.732,92.102,92.591,92.848,93.851,94.497,95.725,97.934,100.287,103.74
함평군,56.472,64.987,80.049,88.119,89.322,87.909,82.555,81.684,81.969,82.759,83.481,82.073,85.132,87.385,88.446,89.405,90.312,90.755,91.2,92.101,92.584,92.42,92.524,93.15,93.452,94.099,94.615,96.143,98.345,100.322,103.922
영광군,58.628,77.031,89.557,93.446,94.473,94.982,89.963,89.577,89.496,90.602,91.282,87.616,91.062,92.294,91.887,92.726,92.198,92.401,92.709,92.887,93.006,92.106,92.173,92.672,93.265,93.876,94.504,96.038,98.371,100.228,104.358
장성군,52.569,67.795,75.54,84.439,86.356,87.667,82.775,82.708,83.538,84.561,85.308,79.323,82.354,84.424,84.769,85.127,85.373,85.604,88.587,89.085,90.06,89.608,89.693,90.465,91.084,91.902,92.499,94.242,97.671,100.418,105.441
완도군,60.708,73.05,85.114,87.905,90.096,92.241,86.298,85.078,85.018,85.18,85.871,82.829,85.467,87.51,88.237,88.485,89.132,89.973,90.537,91.365,92.398,91.478,91.351,92.053,92.966,93.827,94.521,96.181,98.394,100.316,103.547
진도군,62.145,78.641,92.994,96.881,94.741,92.988,86.284,85.526,85.303,86.452,86.903,83.23,87.02,88.641,88.595,88.71,89.057,89.422,91.644,92.763,92.859,91.872,91.726,92.171,92.554,93.141,93.71,95.089,97.469,100.143,103.33
신안군,51.821,67.092,77.288,79.872,80.969,77.367,73.352,73.279,73.55,73.506,73.595,71.798,76.422,79.531,80.269,81.448,82.24,82.999,83.836,85.771,87.202,87.066,87.744,89.761,90.56,91.58,92.813,94.637,97.358,100.178,103.661
경북(평균),48.947,60.039,71.807,81.425,88.834,88.623,82.803,83.326,83.927,84.99,85.321,76.141,78.217,78.78,79.174,80.802,80.922,82.626,84.439,86.564,88.02,87.904,88.33,89.341,90.334,91.595,92.961,95.209,97.733,100.217,103.314
시지역,-,-,-,-,-,-,-,-,-,-,-,-,-,-,-,-,-,-,-,-,-,-,-,-,-,91.587,92.943,95.193,97.71,100.206,103.117
군지역,-,-,-,-,-,-,-,-,-,-,-,-,-,-,-,-,-,-,-,-,-,-,-,-,-,91.625,93.024,95.265,97.815,100.25,103.965
포항시(평균),50.215,60.836,72.607,86.331,97.418,94.611,86.651,86.709,86.796,87.86,87.86,76.439,78.091,78.615,79.001,80.336,80.414,83.265,84.5,86.292,87.591,87.675,88.355,89.671,90.761,92.256,93.738,95.721,97.936,100.215,102.266
남구,-,-,-,-,-,-,-,88.372,88.46,89.92,89.84,77.881,79.802,80.161,80.635,82.17,82.25,84.041,85.072,87.364,88.287,88.571,89.061,90.297,91.379,92.701,94.205,96.103,98.208,100.193,102.397
북구,-,-,-,-,-,-,-,84.924,85,85.631,85.716,74.907,76.244,76.962,77.27,78.35,78.433,82.473,83.965,85.134,86.923,86.804,87.682,89.077,90.181,91.851,93.31,95.371,97.687,100.234,102.156
경주시,40.834,57.926,71.82,79.79,83.814,86.442,82.135,83.322,84.276,85.914,86.577,75.999,77.423,77.792,78.143,79.559,79.667,80.869,82.693,86.57,88.618,87.926,88.405,89.555,90.578,91.772,93.122,95.331,97.978,100.078,102.559
김천시,41.626,45.459,60.407,70.776,77.03,76.354,71.164,73.315,74.561,75.377,75.724,69.742,71.984,72.423,72.953,74.09,73.852,77.004,81.385,87.923,89.924,89.534,89.901,90.7,91.564,92.657,93.652,95.463,98.057,100.124,102.434
안동시,53.205,59.983,70.213,79.881,88.399,89.338,84.197,84.602,84.686,84.957,85.144,75.383,77.039,77.989,78.591,80.286,80.293,81.39,81.729,81.977,82.603,84.228,85.006,85.904,87.42,89.204,91.091,94.254,97.238,100.293,103.481
구미시,42.835,52.745,64.222,73.284,83.99,81.5,76.309,76.922,77.453,77.849,78.347,72.016,75.106,75.693,76.033,79.287,80.258,81.867,84.746,86.858,88.406,88.383,88.769,89.669,90.753,92.075,93.428,95.536,97.836,100.224,103.028
영주시,53.168,69.795,83.916,95.495,102.963,103.334,96.727,95.956,95.342,96.049,96.097,84.857,87.023,87.324,87.736,88.466,87.864,88.728,89.085,89.592,89.963,89.642,89.984,90.8,91.533,92.49,93.473,95.48,97.884,100.171,102.83
영천시,48.265,58.509,68.846,81.791,88.439,88.536,82.831,82.839,84.013,85.501,85.518,75.642,77.465,77.991,78.389,79.881,80.056,81.45,82.94,84.655,86.004,85.924,86.27,87.137,88.045,89.374,91.086,94.139,97.058,100.221,103.883
상주시,49.236,58.529,71.21,80.386,87.371,86.806,82.855,82.748,84.96,86.679,87.243,80.681,83.353,83.72,83.845,84.602,84.53,85.311,87.076,88.564,89.884,89.785,90.275,91.035,91.8,92.764,93.897,95.905,98.157,100.203,103.472
문경시,-,-,-,-,-,-,-,-,93.155,93.613,94.259,83.452,84.668,85.251,85.337,86.236,85.586,86.152,86.976,87.99,89.087,88.889,89.124,89.824,90.588,91.696,92.692,95.114,97.641,100.201,103.019
경산시,-,60.521,69.064,78.842,86.99,86.944,81.419,81.516,82.827,84.554,84.765,75.319,77.204,77.521,77.979,79.533,79.938,81.119,83.687,85.056,87.076,86.833,86.841,88.153,89.178,90.352,91.497,94.033,96.879,100.348,105.379
군위군,53.534,60.453,71.65,83.53,88.755,88.915,83.919,84.422,84.592,84.973,85.483,77.791,79.8,80.368,81.23,83.785,84.085,85.404,87.796,88.906,89.644,89.592,90.237,91.105,91.905,92.765,93.701,95.648,97.897,100.367,104.871
의성군,60.683,69.368,79.806,89.849,96.324,96.975,91.481,91.738,91.977,92.086,92.502,84.24,86.262,86.91,87.319,88.478,88.044,89.043,89.307,90.145,90.651,89.961,90.332,91.111,91.777,92.587,93.624,95.665,97.963,100.212,103.942
청송군,78.474,87.66,100.332,96.097,95.887,95.282,88.925,89.708,88.972,90.259,90.756,82.735,85.548,86.155,86.647,89.198,88.202,89.007,89.596,90.326,90.977,90.152,90.634,91.411,92.05,92.83,93.598,95.569,97.897,100.194,103.887
영양군,80.298,90.735,95.335,94.211,95.664,94.285,89.331,89.099,88.956,89.606,90.226,84.638,87.783,88.372,89.134,91.128,89.846,90.062,90.222,90.388,90.624,90.369,91.006,91.753,92.414,93.07,93.788,96.195,98.131,100.232,102.979
영덕군,65.036,71.186,80.3,82.142,85.426,86.403,80.966,82.515,83.785,85.04,85.774,77.351,79.279,79.912,81.053,82.908,82.94,84.023,86.854,88.386,88.721,87.784,88.145,88.921,89.607,90.465,92.035,94.01,96.992,100.324,104.939
청도군,47.061,62.769,67.691,73.956,83.231,87.326,82.165,83.551,83.944,84.44,85.364,76.692,79.468,80.033,80.321,81.867,82.35,84.242,86.341,88.473,89.832,89.667,90.018,90.83,91.711,92.773,94.336,96.401,98.197,100.327,103.733
고령군,52.418,59.89,71.979,83.112,93.566,93.11,86.976,86.194,87.493,88.777,88.715,78.838,80.082,80.338,80.724,82.49,82.044,84.396,86.457,87.998,89.465,88.579,88.919,89.726,90.603,91.502,92.628,94.961,97.892,100.181,103.816
성주군,47.32,58.968,75.013,85.591,90.145,90.449,84.085,83.463,83.84,85.189,86.199,77.402,79.219,80.157,80.454,82.148,81.777,83.558,85.694,87.267,88.455,88.098,88.262,89.09,89.971,91.225,92.687,95.234,98.2,100.189,104.142
칠곡군,39.843,45.453,60.85,71.292,78.404,78.992,75.241,76.323,77.72,79.395,79.912,71.968,75.394,76.515,76.89,78.166,78.313,80.081,81.943,85.662,88.497,88.388,88.723,89.617,90.526,92.016,93.476,95.577,97.911,100.241,103.908
예천군,63.898,71.518,78.255,83.712,87.08,82.53,78.138,77.174,76.627,77.822,77.939,73.397,76.075,76.983,77.221,78.723,78.564,79.067,79.792,80.32,80.813,82.21,82.687,83.505,84.802,86.365,89.021,92.736,96.961,100.33,104.236
봉화군,72.567,85.555,89.94,90.209,90.136,89.3,83.943,83.215,82.99,83.04,83.705,77.199,81.754,82.944,83.851,86.583,86.253,86.815,87.771,90.22,90.651,89.739,90.443,91.243,91.92,92.589,93.822,95.562,97.734,100.188,102.793
울진군,66.479,72.789,85.433,95.282,100.14,100.68,93.246,90.516,90.942,91.315,91.352,82.047,84.284,85.366,85.656,86.974,87.375,88.727,89.608,90.156,90.614,90.24,90.306,90.95,91.643,92.524,93.81,95.743,97.688,100.195,103.416
울릉군,46.178,59.268,78.227,83.541,85.837,86.973,82.777,82.563,81.872,82.356,82.678,74.722,75.674,76.547,76.93,78.083,78.599,80.766,81.86,83.391,85.698,87.627,88.335,89.375,90.064,91.065,92.412,94.344,96.699,100.198,104.101
경남(평균),46.174,59.436,69.696,78.621,89.989,90.139,84.192,83.663,84.132,84.968,85.189,73.16,74.781,75.645,76.358,78.051,79.134,81.575,83.865,86.014,87.922,88.013,88.402,89.541,90.998,92.517,93.896,95.748,97.885,100.194,103.294
시지역,-,-,-,-,-,-,-,-,-,-,-,-,-,-,-,-,-,-,-,-,-,-,-,-,-,92.292,93.758,95.667,97.866,100.192,103.314
군지역,-,-,-,-,-,-,-,-,-,-,-,-,-,-,-,-,-,-,-,-,-,-,-,-,-,93.733,94.633,96.188,97.985,100.202,103.196
창원시(평균),-,-,-,-,-,-,-,-,-,-,-,-,-,-,-,-,-,-,-,-,-,-,-,89.241,90.949,92.458,93.974,95.797,97.817,100.187,102.999
의창구,-,-,-,-,-,-,-,-,-,-,-,-,-,-,-,-,-,-,-,-,-,-,-,86.707,88.745,90.517,92.322,94.64,97.025,100.208,103.502
성산구,-,-,-,-,-,-,-,-,-,-,-,-,-,-,-,-,-,-,-,-,-,-,-,89.718,91.89,93.523,95.166,96.537,98.348,100.148,102.115
마산합포구,-,-,-,-,-,-,-,-,-,-,-,-,-,-,-,-,-,-,-,-,-,-,-,91.054,92.049,92.931,94.23,96.044,97.882,100.183,103.003
마산회원구,-,-,-,-,-,-,-,-,-,-,-,-,-,-,-,-,-,-,-,-,-,-,-,90.662,91.588,92.935,94.117,95.732,97.815,100.186,103.341
진해구,-,-,-,-,-,-,-,-,-,-,-,-,-,-,-,-,-,-,-,-,-,-,-,89.757,91.519,93.155,94.479,96.343,98.226,100.199,103.281
진주시,45.674,54.478,64.331,74.665,89.693,89.638,83.714,82.871,83.146,84.256,84.45,72.278,73.755,74.718,75.619,76.996,78.008,80.064,83.382,86.497,88.738,88.672,88.769,89.776,90.465,91.763,93.025,95.096,97.478,100.16,103.835
통영시,-,-,-,-,-,-,-,-,95.392,95.335,95.363,82.133,82.601,82.733,83.164,84.713,85.503,86.464,88.017,89.286,90.227,89.865,90.541,91.599,92.757,94.031,95.424,97.054,99.06,100.069,102.458
사천시,-,-,-,-,-,-,-,-,83.032,83.982,84.284,71.933,73.806,76.666,77.745,80.243,81.274,81.812,83.83,84.658,86.37,88.948,89.623,90.786,91.866,92.565,93.427,94.687,96.87,100.258,104.306
김해시,46.403,61.071,70.241,73.727,84.38,83.633,77.224,76.493,77.113,78.605,79.219,67.626,69.235,69.839,70.329,72.225,74.364,77.833,80.818,84.119,86.266,86.234,86.54,87.641,89.23,91.274,92.849,94.862,97.326,100.272,104.019
밀양시,-,61.723,73.622,80.456,85.442,85.723,84.367,84.072,84.484,85.274,85.726,74.154,75.549,76.872,77.737,79.484,79.946,84.383,86.805,88.721,90.666,90.322,90.504,91.371,92.435,93.495,94.714,96.169,98.175,100.207,104.269
거제시,-,-,-,-,-,-,-,-,72.41,73.071,73.496,63.434,65.37,66.171,66.835,68.507,70.514,74.091,78.159,82.49,85.956,88.285,88.732,90.498,92.625,94.484,95.96,98.326,100.483,99.999,100.332
양산시,-,-,-,-,-,-,-,-,-,80.845,80.949,67.957,70.006,69.998,70.764,73.119,73.852,78.066,80.389,83.499,85.76,85.547,86.33,87.707,89.287,91.172,92.861,94.931,97.275,100.259,104.372
의령군,64.944,76.206,85.934,90.218,96.575,96.614,90.963,90.927,90.88,92.149,91.661,81.347,83.57,84.517,85.187,86.29,87.278,88.215,89.733,91.121,92.431,92.423,92.612,93.196,93.889,94.712,95.566,96.721,98.284,100.174,102.721
함안군,52.273,67.53,75.257,81.522,88.054,87.931,83.147,82.98,82.963,83.395,83.988,75.147,76.498,77.543,78.125,79.067,79.59,80.436,83.186,85.324,86.651,86.603,87.192,89.187,91.616,93.058,94.086,95.808,97.847,100.209,103.179
창녕군,63.74,75.732,84.302,90.967,98.889,94.959,88.742,87.689,88.251,88.702,89.325,78.703,80.344,82.316,83.109,83.658,84.287,85.874,87.961,89.288,90.086,89.729,90.081,91.044,91.908,92.852,93.791,95.31,97.276,100.255,103.606
고성군,41.2,59.771,64.738,75.707,86.172,88.204,83.371,83.138,83.263,83.454,84.628,74.385,75.887,76.718,77.349,78.374,78.829,79.628,81.46,83.441,86.002,87.943,89.158,90.797,92.118,93.318,94.278,96.411,98.344,100.183,102.965
남해군,56.478,65.737,71.712,78.746,86.817,89.596,85.588,85.074,85.007,85.637,85.645,75.078,77.365,78.126,78.588,79.155,80.213,81.001,84.422,87.864,89.202,89.073,89.488,90.218,91.348,92.834,93.486,95.735,97.855,100.25,103.894
하동군,61.759,68.277,78.865,84.485,92.534,94.991,90.558,90.602,89.967,90.843,90.833,78.894,80.795,81.802,82.425,83.211,84.572,86.163,88.047,88.697,90.112,90.094,90.684,92.035,93.347,94.48,95.285,96.791,98.26,100.197,102.277
산청군,65.311,75.848,86.677,93.206,95.482,95.902,93.172,93.312,94.192,95.146,95.651,83.566,85.63,86.274,86.723,87.297,88.006,89.28,90.615,91.462,92.452,92.339,92.634,93.285,93.91,94.808,95.58,96.703,98.105,100.152,103.134
함양군,67.153,78.038,84.621,90.573,97.174,98.068,92.178,91.758,91.84,92.328,92.8,83.057,85.868,86.435,86.999,87.539,88.25,89.269,90.725,91.499,91.937,91.995,92.295,92.846,93.569,94.355,95.266,96.487,98.246,100.196,103.478
거창군,62.131,78.708,89.903,97.198,105.613,105.687,99.534,98.651,97.932,98.176,98.284,85.485,87.412,88.703,89.334,90.006,90.448,91.165,91.957,92.546,92.766,92.547,92.696,93.216,93.872,94.707,95.706,96.831,98.308,100.166,102.974
합천군,71.934,77.845,86.4,93.363,96.261,97.033,92.38,91.727,91.808,92.934,93.38,82.116,84.246,85.405,86.004,87.572,88.054,89.213,91.871,92.37,92.727,92.605,92.716,93.274,93.846,94.738,95.504,96.481,98.004,100.194,103.727
제주(평균),-,-,-,-,-,-,-,-,-,-,-,-,-,-,-,-,-,-,-,77.87,79.172,79.156,79.312,80.163,80.899,81.91,83.078,86.175,92.697,100.42,105.9
시지역,-,-,-,-,-,-,-,-,-,-,-,-,-,-,-,-,-,-,-,-,-,-,-,-,-,81.91,83.078,86.175,92.697,100.42,105.9
제주시,-,-,-,-,-,-,-,-,-,-,-,-,-,-,-,-,-,-,-,78.757,80.023,80.006,80.16,80.977,81.692,82.742,83.868,86.608,92.945,100.427,105.856
서귀포시,-,-,-,-,-,-,-,-,-,-,-,-,-,-,-,-,-,-,-,76.438,77.806,77.794,77.95,78.863,79.634,80.59,81.823,85.487,92.302,100.412,106.009
